model_name,strategy_label,finite_ok,final_position_error_m,max_position_error_m,min_rotor_speed_rad_s,max_rotor_speed_rad_s
quadrotor_strategy_pid,原PID,1,0.122958598661762,0.448116251124868,551.910915278796,557.558944666478
quadrotor_strategy_pid_ff,PID扰动补偿,1,0.122958598661762,0.448116251124868,551.910915278796,557.558944666478
quadrotor_strategy_mpc,线性MPC,1,0.12583135868971,0.402893320648933,551.38376682506,560.074619667925
quadrotor_strategy_adrc,ADRC,1,0.0107443492630605,0.406881775461108,551.402689392649,559.592296445829
quadrotor_strategy_rl,强化学习策略,1,0.122958598661762,0.448116251124868,551.910915278796,557.558944666478
quadrotor_strategy_rl_v2,RL-v2,1,0.122958598661762,0.448116251124868,551.910915278796,557.558944666478
